{
  "n": 5,
  "seed": 42,
  "coord_scale": 100.0,
  "locations": [
    "C1",
    "C2",
    "C3",
    "C4",
    "C5"
  ],
  "coords": [
    [
      37.454011884736246,
      95.07143064099162
    ],
    [
      73.1993941811405,
      59.86584841970366
    ],
    [
      15.601864044243651,
      15.599452033620265
    ],
    [
      5.8083612168199465,
      86.61761457749351
    ],
    [
      60.11150117432088,
      70.80725777960456
    ]
  ],
  "distance_matrix": [
    [
      0.0,
      50.17,
      82.42,
      32.76,
      33.2
    ],
    [
      50.17,
      0.0,
      72.64,
      72.51,
      17.06
    ],
    [
      82.42,
      72.64,
      0.0,
      71.69,
      70.92
    ],
    [
      32.76,
      72.51,
      71.69,
      0.0,
      56.56
    ],
    [
      33.2,
      17.06,
      70.92,
      56.56,
      0.0
    ]
  ]
}